0,12/04/2018 23:34:27 
0,12/04/2018 23:41:34 
0,12/04/2018 23:41:35 
0,12/04/2018 23:41:36 
0,12/04/2018 23:41:37 
0,12/04/2018 23:41:38 
2,12/04/2018 23:41:39 
2,12/04/2018 23:41:40 
2,12/04/2018 23:41:41 
3,12/04/2018 23:41:42 
3,12/04/2018 23:41:43 
3,12/04/2018 23:41:44 
3,12/04/2018 23:41:45 
3,12/04/2018 23:41:46 
3,12/04/2018 23:41:48 
3,12/04/2018 23:41:49 
3,12/04/2018 23:41:50 
4,12/04/2018 23:41:51 
11,12/04/2018 23:41:52 
11,12/04/2018 23:41:53 
11,12/04/2018 23:41:54 
11,12/04/2018 23:41:55 
11,12/04/2018 23:41:56 
11,12/04/2018 23:41:57 
11,12/04/2018 23:41:58 
11,12/04/2018 23:41:59 
11,12/04/2018 23:42:00 
11,12/04/2018 23:42:01 
11,12/04/2018 23:42:02 
11,12/04/2018 23:42:03 
11,12/04/2018 23:42:04 
11,12/04/2018 23:42:05 
11,12/04/2018 23:42:06 
11,12/04/2018 23:42:07 
11,12/04/2018 23:42:40 
11,12/04/2018 23:42:41 
11,12/04/2018 23:42:42 
11,12/04/2018 23:42:43 
11,12/04/2018 23:42:44 
11,12/04/2018 23:42:45 
11,12/04/2018 23:42:46 
11,12/04/2018 23:42:47 
11,12/04/2018 23:42:48 
11,12/04/2018 23:42:49 
11,12/04/2018 23:42:50 
11,12/04/2018 23:42:51 
11,12/04/2018 23:42:52 
11,12/04/2018 23:42:53 
11,12/04/2018 23:42:55 
11,12/04/2018 23:42:56 
11,12/04/2018 23:42:57 
11,12/04/2018 23:42:58 
11,12/04/2018 23:42:59 
0,13/04/2018 15:46:50 
0,13/04/2018 15:46:51 
0,13/04/2018 15:46:52 
0,13/04/2018 15:46:53 
0,13/04/2018 15:46:54 
0,13/04/2018 15:46:55 
0,13/04/2018 15:46:56 
0,13/04/2018 15:46:58 
0,13/04/2018 15:46:59 
0,13/04/2018 15:47:00 
0,13/04/2018 15:47:01 
0,13/04/2018 15:52:09 
0,13/04/2018 16:39:31 
0,13/04/2018 16:39:32 
1,14/04/2018 18:17:07 
1,14/04/2018 18:17:08 
1,14/04/2018 18:17:09 
1,14/04/2018 18:17:10 
2,14/04/2018 18:22:58 
1,14/04/2018 19:35:33 
1,14/04/2018 19:35:34 
0,15/04/2018 02:07:48 
0,15/04/2018 02:07:49 
0,15/04/2018 02:07:50 
0,15/04/2018 02:07:52 
0,15/04/2018 02:09:11 
0,15/04/2018 02:09:12 
0,15/04/2018 02:09:13 
0,15/04/2018 02:09:14 
0,15/04/2018 02:09:15 
0,15/04/2018 02:09:16 
0,15/04/2018 02:09:17 
0,15/04/2018 02:09:18 
0,15/04/2018 02:09:19 
1,15/04/2018 02:09:20 
1,15/04/2018 02:09:21 
1,15/04/2018 02:09:22 
1,15/04/2018 02:09:23 
1,15/04/2018 02:09:24 
4,15/04/2018 02:09:25 
10,15/04/2018 02:09:26 
12,15/04/2018 02:09:27 
12,15/04/2018 02:09:28 
12,15/04/2018 02:09:29 
